DUA;1.0;jsoup-1_3_4-1;MCCON;5;1;10882;00 min, 10 sec
DUA;1.0;jsoup-1_3_4-1;TARANTULA;5;1;10882;00 min, 10 sec
DUA;1.0;jsoup-1_3_4-1;OCHIAI;5;1;10882;00 min, 10 sec
DUA;1.0;jsoup-1_3_4-1;DRT;5;1;10882;00 min, 10 sec
DUA;1.0;jsoup-1_3_4-1;MINUS;5;1;10882;00 min, 10 sec
DUA;1.0;jsoup-1_3_4-1;ZOLTAR;5;1;10882;00 min, 10 sec
DUA;1.0;jsoup-1_3_4-1;OP;5;1;10882;00 min, 10 sec
DUA;1.0;jsoup-1_3_4-1;KULCZYNSKI2;5;1;10882;00 min, 10 sec
DUA;1.0;jsoup-1_3_4-1;JACCARD;5;1;10882;00 min, 10 sec
DUA;0.5854788877445933;jsoup-1_3_4-1;WONG3;315;311;10882;00 min, 10 sec
LINE;1.0;jsoup-1_3_4-1;MCCON;3;1;5877;00 min, 05 sec
LINE;1.0;jsoup-1_3_4-1;OP;3;1;5877;00 min, 05 sec
LINE;1.0;jsoup-1_3_4-1;TARANTULA;3;1;5877;00 min, 05 sec
LINE;1.0;jsoup-1_3_4-1;KULCZYNSKI2;3;1;5877;00 min, 05 sec
LINE;1.0;jsoup-1_3_4-1;ZOLTAR;3;1;5877;00 min, 05 sec
LINE;1.0;jsoup-1_3_4-1;OCHIAI;3;1;5877;00 min, 05 sec
LINE;1.0;jsoup-1_3_4-1;MINUS;3;1;5877;00 min, 05 sec
LINE;1.0;jsoup-1_3_4-1;DRT;3;1;5877;00 min, 05 sec
LINE;1.0;jsoup-1_3_4-1;JACCARD;3;1;5877;00 min, 05 sec
LINE;0.6916752312435764;jsoup-1_3_4-1;WONG3;2663;2661;5877;00 min, 05 sec
DUA;1.0;jsoup-1_3_4-2;OCHIAI;2;1;10799;00 min, 10 sec
DUA;1.0;jsoup-1_3_4-2;OP;2;1;10799;00 min, 10 sec
DUA;1.0;jsoup-1_3_4-2;WONG3;2;1;10799;00 min, 10 sec
DUA;1.0;jsoup-1_3_4-2;KULCZYNSKI2;2;1;10799;00 min, 10 sec
DUA;1.0;jsoup-1_3_4-2;MINUS;2;1;10799;00 min, 10 sec
DUA;1.0;jsoup-1_3_4-2;JACCARD;2;1;10799;00 min, 10 sec
DUA;1.0;jsoup-1_3_4-2;ZOLTAR;2;1;10799;00 min, 10 sec
DUA;1.0;jsoup-1_3_4-2;TARANTULA;2;1;10799;00 min, 10 sec
DUA;1.0;jsoup-1_3_4-2;MCCON;2;1;10799;00 min, 10 sec
DUA;1.0;jsoup-1_3_4-2;DRT;2;1;10799;00 min, 10 sec
LINE;0.9236111111111112;jsoup-1_3_4-2;MCCON;19;15;6631;00 min, 06 sec
LINE;0.9545454545454545;jsoup-1_3_4-2;TARANTULA;19;15;6631;00 min, 06 sec
LINE;0.9737470167064439;jsoup-1_3_4-2;OP;19;15;6631;00 min, 06 sec
LINE;0.9763296869105996;jsoup-1_3_4-2;MINUS;19;15;6631;00 min, 06 sec
LINE;0.9236111111111112;jsoup-1_3_4-2;KULCZYNSKI2;19;15;6631;00 min, 06 sec
LINE;0.3888888888888889;jsoup-1_3_4-2;ZOLTAR;19;15;6631;00 min, 06 sec
LINE;0.9547325102880658;jsoup-1_3_4-2;DRT;19;15;6631;00 min, 06 sec
LINE;0.3888888888888889;jsoup-1_3_4-2;JACCARD;19;15;6631;00 min, 06 sec
LINE;0.6236095644623236;jsoup-1_3_4-2;OCHIAI;19;15;6631;00 min, 06 sec
LINE;0.5942684766214178;jsoup-1_3_4-2;WONG3;2691;2687;6631;00 min, 06 sec
DUA;1.0;jsoup-1_4_2-1;MCCON;9;1;9454;00 min, 09 sec
DUA;1.0;jsoup-1_4_2-1;ZOLTAR;9;1;9454;00 min, 09 sec
DUA;1.0;jsoup-1_4_2-1;WONG3;9;1;9454;00 min, 09 sec
DUA;1.0;jsoup-1_4_2-1;OP;9;1;9454;00 min, 09 sec
DUA;1.0;jsoup-1_4_2-1;KULCZYNSKI2;9;1;9454;00 min, 09 sec
DUA;1.0;jsoup-1_4_2-1;DRT;9;1;9454;00 min, 09 sec
DUA;1.0;jsoup-1_4_2-1;MINUS;9;1;9454;00 min, 09 sec
DUA;1.0;jsoup-1_4_2-1;TARANTULA;9;1;9454;00 min, 09 sec
DUA;1.0;jsoup-1_4_2-1;OCHIAI;9;1;9454;00 min, 09 sec
DUA;1.0;jsoup-1_4_2-1;JACCARD;9;1;9454;00 min, 09 sec
LINE;0.9842105263157895;jsoup-1_4_2-1;KULCZYNSKI2;15;11;4774;00 min, 04 sec
LINE;0.98828125;jsoup-1_4_2-1;DRT;15;11;4774;00 min, 04 sec
LINE;0.8500000000000001;jsoup-1_4_2-1;ZOLTAR;15;11;4774;00 min, 04 sec
LINE;0.9219544457292889;jsoup-1_4_2-1;OCHIAI;15;11;4774;00 min, 04 sec
LINE;0.9985815602836879;jsoup-1_4_2-1;WONG3;15;11;4774;00 min, 04 sec
LINE;0.9949066213921901;jsoup-1_4_2-1;OP;15;11;4774;00 min, 04 sec
LINE;0.8500000000000001;jsoup-1_4_2-1;JACCARD;15;11;4774;00 min, 04 sec
LINE;0.9842105263157895;jsoup-1_4_2-1;MCCON;15;11;4774;00 min, 04 sec
LINE;0.9881889763779529;jsoup-1_4_2-1;TARANTULA;15;11;4774;00 min, 04 sec
LINE;0.9931882460729509;jsoup-1_4_2-1;MINUS;15;11;4774;00 min, 04 sec
DUA;0.9771528191953021;jsoup-1_4_2-2;MINUS;24;14;13962;00 min, 13 sec
DUA;0.5384615384615384;jsoup-1_4_2-2;MCCON;24;14;13962;00 min, 13 sec
DUA;0.961038961038961;jsoup-1_4_2-2;DRT;24;14;13962;00 min, 13 sec
DUA;0.9609120521172638;jsoup-1_4_2-2;TARANTULA;24;14;13962;00 min, 13 sec
DUA;0.07692307692307693;jsoup-1_4_2-2;JACCARD;24;14;13962;00 min, 13 sec
DUA;0.07692307692307693;jsoup-1_4_2-2;ZOLTAR;24;14;13962;00 min, 13 sec
DUA;0.5384615384615384;jsoup-1_4_2-2;KULCZYNSKI2;24;14;13962;00 min, 13 sec
DUA;0.2773500981126146;jsoup-1_4_2-2;OCHIAI;24;14;13962;00 min, 13 sec
DUA;0.9745222929936306;jsoup-1_4_2-2;OP;24;14;13962;00 min, 13 sec
DUA;0.49558638083228246;jsoup-1_4_2-2;WONG3;342;4;13962;00 min, 13 sec
LINE;0.9107692307692308;jsoup-1_4_2-2;DRT;45;41;9735;00 min, 09 sec
LINE;0.5166666666666667;jsoup-1_4_2-2;KULCZYNSKI2;45;41;9735;00 min, 09 sec
LINE;0.5166666666666667;jsoup-1_4_2-2;MCCON;45;41;9735;00 min, 09 sec
LINE;0.9104938271604939;jsoup-1_4_2-2;TARANTULA;45;41;9735;00 min, 09 sec
LINE;0.9361233480176211;jsoup-1_4_2-2;OP;45;41;9735;00 min, 09 sec
LINE;0.03333333333333333;jsoup-1_4_2-2;ZOLTAR;45;41;9735;00 min, 09 sec
LINE;0.18257418583505536;jsoup-1_4_2-2;OCHIAI;45;41;9735;00 min, 09 sec
LINE;0.03333333333333333;jsoup-1_4_2-2;JACCARD;45;41;9735;00 min, 09 sec
LINE;0.9468133883539662;jsoup-1_4_2-2;MINUS;45;41;9735;00 min, 09 sec
LINE;0.28596757852077004;jsoup-1_4_2-2;WONG3;2710;2706;9735;00 min, 09 sec
DUA;0.2500010793517845;jsoup-1_5_2-1;ZOLTAR;6;3;11044;00 min, 11 sec
DUA;0.9931034482758619;jsoup-1_5_2-1;OP;6;3;11044;00 min, 11 sec
DUA;0.9880952380952381;jsoup-1_5_2-1;DRT;6;3;11044;00 min, 11 sec
DUA;0.9880478087649401;jsoup-1_5_2-1;TARANTULA;6;3;11044;00 min, 11 sec
DUA;0.5;jsoup-1_5_2-1;OCHIAI;6;3;11044;00 min, 11 sec
DUA;0.25;jsoup-1_5_2-1;JACCARD;6;3;11044;00 min, 11 sec
DUA;0.9933598937583;jsoup-1_5_2-1;MINUS;6;3;11044;00 min, 11 sec
DUA;0.6227758007117438;jsoup-1_5_2-1;KULCZYNSKI2;7;4;11044;00 min, 11 sec
DUA;0.6227758007117438;jsoup-1_5_2-1;MCCON;7;4;11044;00 min, 11 sec
DUA;0.47183098591549294;jsoup-1_5_2-1;WONG3;338;335;11044;00 min, 11 sec
LINE;0.9928991073349809;jsoup-1_5_2-1;MINUS;9;2;9204;00 min, 09 sec
LINE;0.25;jsoup-1_5_2-1;ZOLTAR;9;2;9204;00 min, 09 sec
LINE;0.5;jsoup-1_5_2-1;OCHIAI;9;2;9204;00 min, 09 sec
LINE;0.9880952380952381;jsoup-1_5_2-1;DRT;9;2;9204;00 min, 09 sec
LINE;0.625;jsoup-1_5_2-1;KULCZYNSKI2;9;2;9204;00 min, 09 sec
LINE;0.25;jsoup-1_5_2-1;JACCARD;9;2;9204;00 min, 09 sec
LINE;0.9921465968586386;jsoup-1_5_2-1;OP;9;2;9204;00 min, 09 sec
LINE;0.625;jsoup-1_5_2-1;MCCON;9;2;9204;00 min, 09 sec
LINE;0.9880478087649401;jsoup-1_5_2-1;TARANTULA;9;2;9204;00 min, 09 sec
LINE;0.4646953861840428;jsoup-1_5_2-1;WONG3;2683;2676;9204;00 min, 09 sec
DUA;0.9873817034700316;jsoup-1_5_2-2;DRT;3;2;11638;00 min, 11 sec
DUA;0.9927884615384617;jsoup-1_5_2-2;MINUS;3;2;11638;00 min, 11 sec
DUA;0.96972049689441;jsoup-1_5_2-2;OP;4;3;11638;00 min, 11 sec
DUA;0.8635269852182881;jsoup-1_5_2-2;WONG3;4;3;11638;00 min, 11 sec
DUA;0.34250897267061986;jsoup-1_5_2-2;ZOLTAR;12;11;11638;00 min, 11 sec
DUA;0.8747897140110552;jsoup-1_5_2-2;KULCZYNSKI2;13;12;11638;00 min, 11 sec
DUA;0.874789714011055;jsoup-1_5_2-2;MCCON;13;12;11638;00 min, 11 sec
DUA;0.516102947737777;jsoup-1_5_2-2;OCHIAI;62;61;11638;00 min, 11 sec
DUA;0.24000000000000002;jsoup-1_5_2-2;JACCARD;110;108;11638;00 min, 11 sec
DUA;0.8442906574394464;jsoup-1_5_2-2;TARANTULA;143;121;11638;00 min, 11 sec
LINE;0.8609964069287286;jsoup-1_5_2-2;MINUS;21;12;8518;00 min, 08 sec
LINE;0.8676928398478034;jsoup-1_5_2-2;WONG3;21;12;8518;00 min, 08 sec
LINE;0.9452054794520548;jsoup-1_5_2-2;OP;21;12;8518;00 min, 08 sec
LINE;0.7777777777777778;jsoup-1_5_2-2;DRT;21;12;8518;00 min, 08 sec
LINE;0.6538461538461539;jsoup-1_5_2-2;MCCON;30;21;8518;00 min, 08 sec
LINE;0.1;jsoup-1_5_2-2;ZOLTAR;30;21;8518;00 min, 08 sec
LINE;0.6538461538461539;jsoup-1_5_2-2;KULCZYNSKI2;30;21;8518;00 min, 08 sec
LINE;0.31622776601683794;jsoup-1_5_2-2;OCHIAI;74;65;8518;00 min, 08 sec
LINE;0.1;jsoup-1_5_2-2;JACCARD;201;175;8518;00 min, 08 sec
LINE;0.7648902821316614;jsoup-1_5_2-2;TARANTULA;233;222;8518;00 min, 08 sec
DUA;0.9808429118773945;jsoup-1_5_2-3;TARANTULA;5;5;12418;00 min, 12 sec
DUA;0.9895229376462211;jsoup-1_5_2-3;MINUS;5;5;12418;00 min, 12 sec
DUA;0.6666714984843796;jsoup-1_5_2-3;ZOLTAR;5;5;12418;00 min, 12 sec
DUA;0.9882075471698113;jsoup-1_5_2-3;OP;5;5;12418;00 min, 12 sec
DUA;0.8164965809277259;jsoup-1_5_2-3;OCHIAI;5;5;12418;00 min, 12 sec
DUA;0.6666666666666666;jsoup-1_5_2-3;JACCARD;5;5;12418;00 min, 12 sec
DUA;0.5314217443249701;jsoup-1_5_2-3;MCCON;6;6;12418;00 min, 12 sec
DUA;0.9809160305343513;jsoup-1_5_2-3;DRT;6;5;12418;00 min, 12 sec
DUA;0.5314217443249701;jsoup-1_5_2-3;KULCZYNSKI2;6;6;12418;00 min, 12 sec
DUA;0.5929113924050633;jsoup-1_5_2-3;WONG3;336;336;12418;00 min, 12 sec
LINE;0.842443729903537;jsoup-1_5_2-3;DRT;17;9;8034;00 min, 08 sec
LINE;0.234375;jsoup-1_5_2-3;JACCARD;17;9;8034;00 min, 08 sec
LINE;0.8778054862842893;jsoup-1_5_2-3;OP;17;9;8034;00 min, 08 sec
LINE;0.234375;jsoup-1_5_2-3;ZOLTAR;17;9;8034;00 min, 08 sec
LINE;0.8419354838709678;jsoup-1_5_2-3;TARANTULA;17;9;8034;00 min, 08 sec
LINE;0.9120967741935484;jsoup-1_5_2-3;MINUS;17;9;8034;00 min, 08 sec
LINE;0.9521484375;jsoup-1_5_2-3;KULCZYNSKI2;17;9;8034;00 min, 08 sec
LINE;0.9521484375;jsoup-1_5_2-3;MCCON;17;9;8034;00 min, 08 sec
LINE;0.4841229182759272;jsoup-1_5_2-3;OCHIAI;17;9;8034;00 min, 08 sec
LINE;0.56412876852325;jsoup-1_5_2-3;WONG3;2691;2683;8034;00 min, 08 sec
DUA;0.0;jsoup-1_5_2-4;ZOLTAR;1128;1129;13120;00 min, 13 sec
DUA;0.0;jsoup-1_5_2-4;TARANTULA;1128;274;13120;00 min, 13 sec
DUA;0.0;jsoup-1_5_2-4;DRT;1128;274;13120;00 min, 13 sec
DUA;0.0;jsoup-1_5_2-4;KULCZYNSKI2;1128;274;13120;00 min, 13 sec
DUA;0.0;jsoup-1_5_2-4;MCCON;1128;274;13120;00 min, 13 sec
DUA;0.0;jsoup-1_5_2-4;OP;1128;1128;13120;00 min, 13 sec
DUA;0.0;jsoup-1_5_2-4;OCHIAI;1128;274;13120;00 min, 13 sec
DUA;0.0;jsoup-1_5_2-4;JACCARD;1128;274;13120;00 min, 13 sec
DUA;0.0;jsoup-1_5_2-4;MINUS;1128;1128;13120;00 min, 13 sec
DUA;0.0;jsoup-1_5_2-4;WONG3;1128;1128;13120;00 min, 13 sec
LINE;1.0;jsoup-1_5_2-4;WONG3;2674;1;8049;00 min, 08 sec
LINE;0.15153579369223266;jsoup-1_5_2-4;MINUS;3125;452;8049;00 min, 08 sec
LINE;0.41919191919191917;jsoup-1_5_2-4;OP;3125;452;8049;00 min, 08 sec
LINE;0.0;jsoup-1_5_2-4;DRT;4346;452;8049;00 min, 08 sec
LINE;0.0;jsoup-1_5_2-4;TARANTULA;4346;452;8049;00 min, 08 sec
LINE;0.0;jsoup-1_5_2-4;MCCON;4346;452;8049;00 min, 08 sec
LINE;0.0;jsoup-1_5_2-4;ZOLTAR;4346;452;8049;00 min, 08 sec
LINE;0.0;jsoup-1_5_2-4;JACCARD;4346;452;8049;00 min, 08 sec
LINE;0.0;jsoup-1_5_2-4;KULCZYNSKI2;4346;452;8049;00 min, 08 sec
LINE;0.0;jsoup-1_5_2-4;OCHIAI;4346;452;8049;00 min, 08 sec
DUA;1.0;jsoup-1_5_2-5;ZOLTAR;3;1;12215;00 min, 12 sec
DUA;1.0;jsoup-1_5_2-5;JACCARD;3;1;12215;00 min, 12 sec
DUA;1.0;jsoup-1_5_2-5;OCHIAI;3;1;12215;00 min, 12 sec
DUA;1.0;jsoup-1_5_2-5;OP;3;1;12215;00 min, 12 sec
DUA;1.0;jsoup-1_5_2-5;MINUS;3;1;12215;00 min, 12 sec
DUA;1.0;jsoup-1_5_2-5;DRT;3;1;12215;00 min, 12 sec
DUA;1.0;jsoup-1_5_2-5;TARANTULA;3;1;12215;00 min, 12 sec
DUA;0.6226937269372694;jsoup-1_5_2-5;MCCON;4;2;12215;00 min, 12 sec
DUA;0.6226937269372693;jsoup-1_5_2-5;KULCZYNSKI2;4;2;12215;00 min, 12 sec
DUA;0.9489274770173646;jsoup-1_5_2-5;WONG3;334;332;12215;00 min, 12 sec
LINE;0.5;jsoup-1_5_2-5;JACCARD;17;4;8487;00 min, 08 sec
LINE;0.9;jsoup-1_5_2-5;MCCON;17;4;8487;00 min, 08 sec
LINE;0.984;jsoup-1_5_2-5;TARANTULA;17;4;8487;00 min, 08 sec
LINE;0.7071067811865475;jsoup-1_5_2-5;OCHIAI;17;4;8487;00 min, 08 sec
LINE;0.5;jsoup-1_5_2-5;ZOLTAR;17;4;8487;00 min, 08 sec
LINE;0.9840637450199203;jsoup-1_5_2-5;DRT;17;4;8487;00 min, 08 sec
LINE;0.9902200488997555;jsoup-1_5_2-5;OP;17;4;8487;00 min, 08 sec
LINE;0.9;jsoup-1_5_2-5;KULCZYNSKI2;17;4;8487;00 min, 08 sec
LINE;0.9909787234042553;jsoup-1_5_2-5;MINUS;17;4;8487;00 min, 08 sec
LINE;0.7446373850868232;jsoup-1_5_2-5;WONG3;2691;2678;8487;00 min, 08 sec
DUA;0.9435483870967741;jsoup-1_5_3;MCCON;15;13;19079;00 min, 19 sec
DUA;0.970414201183432;jsoup-1_5_3;MINUS;15;13;19079;00 min, 19 sec
DUA;0.9326923076923076;jsoup-1_5_3;DRT;15;13;19079;00 min, 19 sec
DUA;0.9435483870967741;jsoup-1_5_3;KULCZYNSKI2;15;13;19079;00 min, 19 sec
DUA;0.9950991831971996;jsoup-1_5_3;WONG3;15;13;19079;00 min, 19 sec
DUA;0.5625;jsoup-1_5_3;ZOLTAR;15;13;19079;00 min, 19 sec
DUA;0.9843866171003717;jsoup-1_5_3;OP;15;13;19079;00 min, 19 sec
DUA;0.74535599249993;jsoup-1_5_3;OCHIAI;24;20;19079;00 min, 19 sec
DUA;0.41666666666666663;jsoup-1_5_3;JACCARD;33;33;19079;00 min, 19 sec
DUA;0.87012987012987;jsoup-1_5_3;TARANTULA;36;36;19079;00 min, 19 sec
LINE;0.8130081300813007;jsoup-1_5_3;DRT;63;60;12012;00 min, 12 sec
LINE;0.9429752066115702;jsoup-1_5_3;OP;63;60;12012;00 min, 12 sec
LINE;0.9833734939759035;jsoup-1_5_3;WONG3;63;60;12012;00 min, 12 sec
LINE;0.1523809523809524;jsoup-1_5_3;ZOLTAR;64;61;12012;00 min, 12 sec
LINE;0.8304761904761906;jsoup-1_5_3;MCCON;64;61;12012;00 min, 12 sec
LINE;0.8304761904761906;jsoup-1_5_3;KULCZYNSKI2;64;61;12012;00 min, 12 sec
LINE;0.8981180386634233;jsoup-1_5_3;MINUS;68;65;12012;00 min, 12 sec
LINE;0.3903600291794133;jsoup-1_5_3;OCHIAI;114;111;12012;00 min, 12 sec
LINE;0.7232876712328767;jsoup-1_5_3;TARANTULA;121;118;12012;00 min, 12 sec
LINE;0.1523809523809524;jsoup-1_5_3;JACCARD;121;118;12012;00 min, 12 sec
DUA;0.0;jsoup-1_6_1-1;OP;2342;2343;19968;00 min, 19 sec
DUA;0.0;jsoup-1_6_1-1;TARANTULA;2342;281;19968;00 min, 19 sec
DUA;0.0;jsoup-1_6_1-1;DRT;2342;281;19968;00 min, 19 sec
DUA;0.0;jsoup-1_6_1-1;ZOLTAR;2342;281;19968;00 min, 19 sec
DUA;0.0;jsoup-1_6_1-1;OCHIAI;2342;281;19968;00 min, 19 sec
DUA;0.0;jsoup-1_6_1-1;KULCZYNSKI2;2342;281;19968;00 min, 19 sec
DUA;0.0;jsoup-1_6_1-1;JACCARD;2342;281;19968;00 min, 19 sec
DUA;0.0;jsoup-1_6_1-1;MINUS;2342;2343;19968;00 min, 19 sec
DUA;0.0;jsoup-1_6_1-1;MCCON;2342;281;19968;00 min, 19 sec
DUA;0.0;jsoup-1_6_1-1;WONG3;2342;2343;19968;00 min, 19 sec
LINE;1.0;jsoup-1_6_1-1;OP;6;1;11154;00 min, 11 sec
LINE;1.0;jsoup-1_6_1-1;DRT;6;1;11154;00 min, 11 sec
LINE;0.7593360995850622;jsoup-1_6_1-1;MCCON;9;4;11154;00 min, 11 sec
LINE;0.03734439834024896;jsoup-1_6_1-1;ZOLTAR;9;4;11154;00 min, 11 sec
LINE;0.7593360995850622;jsoup-1_6_1-1;KULCZYNSKI2;9;4;11154;00 min, 11 sec
LINE;0.7440876275827732;jsoup-1_6_1-1;WONG3;10;5;11154;00 min, 11 sec
LINE;0.9637387329218212;jsoup-1_6_1-1;MINUS;15;10;11154;00 min, 11 sec
LINE;0.19324698792024925;jsoup-1_6_1-1;OCHIAI;40;35;11154;00 min, 11 sec
LINE;0.03734439834024896;jsoup-1_6_1-1;JACCARD;76;71;11154;00 min, 11 sec
LINE;0.5483870967741935;jsoup-1_6_1-1;TARANTULA;76;71;11154;00 min, 11 sec
DUA;0.0;jsoup-1_6_1-2;OP;2343;2344;19157;00 min, 19 sec
DUA;0.0;jsoup-1_6_1-2;WONG3;2343;2344;19157;00 min, 19 sec
DUA;0.0;jsoup-1_6_1-2;TARANTULA;2343;244;19157;00 min, 19 sec
DUA;0.0;jsoup-1_6_1-2;KULCZYNSKI2;2343;244;19157;00 min, 19 sec
DUA;0.0;jsoup-1_6_1-2;DRT;2343;244;19157;00 min, 19 sec
DUA;0.0;jsoup-1_6_1-2;OCHIAI;2343;244;19157;00 min, 19 sec
DUA;0.0;jsoup-1_6_1-2;MCCON;2343;244;19157;00 min, 19 sec
DUA;0.0;jsoup-1_6_1-2;JACCARD;2343;244;19157;00 min, 19 sec
DUA;0.0;jsoup-1_6_1-2;ZOLTAR;2343;244;19157;00 min, 19 sec
DUA;0.0;jsoup-1_6_1-2;MINUS;2343;2344;19157;00 min, 19 sec
LINE;0.6684350132625995;jsoup-1_6_1-2;WONG3;3146;3;11965;00 min, 11 sec
LINE;0.4377431906614786;jsoup-1_6_1-2;OP;3612;469;11965;00 min, 11 sec
LINE;0.17697489283527254;jsoup-1_6_1-2;MINUS;3612;469;11965;00 min, 11 sec
LINE;0.0;jsoup-1_6_1-2;DRT;6195;469;11965;00 min, 11 sec
LINE;0.0;jsoup-1_6_1-2;OCHIAI;6195;469;11965;00 min, 11 sec
LINE;0.0;jsoup-1_6_1-2;KULCZYNSKI2;6195;469;11965;00 min, 11 sec
LINE;0.0;jsoup-1_6_1-2;TARANTULA;6195;469;11965;00 min, 11 sec
LINE;0.0;jsoup-1_6_1-2;JACCARD;6195;469;11965;00 min, 11 sec
LINE;0.0;jsoup-1_6_1-2;ZOLTAR;6195;469;11965;00 min, 11 sec
LINE;0.0;jsoup-1_6_1-2;MCCON;6195;469;11965;00 min, 11 sec
DUA;0.3577392421323057;jsoup-1_6_1-2 - FaultyLine 1211;WONG3;1136;875;19157;00 min, 19 sec
DUA;0.5261437908496732;jsoup-1_6_1-2 - FaultyLine 1211;OP;1238;983;19157;00 min, 19 sec
DUA;0.2996708895000226;jsoup-1_6_1-2 - FaultyLine 1211;MINUS;1238;983;19157;00 min, 19 sec
DUA;0.0;jsoup-1_6_1-2 - FaultyLine 1211;TARANTULA;2343;244;19157;00 min, 19 sec
DUA;0.0;jsoup-1_6_1-2 - FaultyLine 1211;KULCZYNSKI2;2343;244;19157;00 min, 19 sec
DUA;0.0;jsoup-1_6_1-2 - FaultyLine 1211;DRT;2343;244;19157;00 min, 19 sec
DUA;0.0;jsoup-1_6_1-2 - FaultyLine 1211;OCHIAI;2343;244;19157;00 min, 19 sec
DUA;0.0;jsoup-1_6_1-2 - FaultyLine 1211;MCCON;2343;244;19157;00 min, 19 sec
DUA;0.0;jsoup-1_6_1-2 - FaultyLine 1211;JACCARD;2343;244;19157;00 min, 19 sec
DUA;0.0;jsoup-1_6_1-2 - FaultyLine 1211;ZOLTAR;2343;244;19157;00 min, 19 sec
LINE;0.33687002652519893;jsoup-1_6_1-2 - FaultyLine 1211;WONG3;3629;3293;11965;00 min, 11 sec
LINE;0.4357976653696498;jsoup-1_6_1-2 - FaultyLine 1211;OP;3945;3613;11965;00 min, 11 sec
LINE;0.17649528607962142;jsoup-1_6_1-2 - FaultyLine 1211;MINUS;3945;3613;11965;00 min, 11 sec
LINE;0.0;jsoup-1_6_1-2 - FaultyLine 1211;DRT;6195;469;11965;00 min, 11 sec
LINE;0.0;jsoup-1_6_1-2 - FaultyLine 1211;OCHIAI;6195;469;11965;00 min, 11 sec
LINE;0.0;jsoup-1_6_1-2 - FaultyLine 1211;KULCZYNSKI2;6195;469;11965;00 min, 11 sec
LINE;0.0;jsoup-1_6_1-2 - FaultyLine 1211;TARANTULA;6195;469;11965;00 min, 11 sec
LINE;0.0;jsoup-1_6_1-2 - FaultyLine 1211;JACCARD;6195;469;11965;00 min, 11 sec
LINE;0.0;jsoup-1_6_1-2 - FaultyLine 1211;ZOLTAR;6195;469;11965;00 min, 11 sec
LINE;0.0;jsoup-1_6_1-2 - FaultyLine 1211;MCCON;6195;469;11965;00 min, 11 sec
DUA;1.0;jsoup-1_6_1-2 - FaultyLine 250;OP;4;1;19157;00 min, 19 sec
DUA;1.0;jsoup-1_6_1-2 - FaultyLine 250;WONG3;4;1;19157;00 min, 19 sec
DUA;1.0;jsoup-1_6_1-2 - FaultyLine 250;TARANTULA;4;1;19157;00 min, 19 sec
DUA;1.0;jsoup-1_6_1-2 - FaultyLine 250;KULCZYNSKI2;4;1;19157;00 min, 19 sec
DUA;1.0;jsoup-1_6_1-2 - FaultyLine 250;DRT;4;1;19157;00 min, 19 sec
DUA;1.0;jsoup-1_6_1-2 - FaultyLine 250;OCHIAI;4;1;19157;00 min, 19 sec
DUA;1.0;jsoup-1_6_1-2 - FaultyLine 250;MCCON;4;1;19157;00 min, 19 sec
DUA;1.0;jsoup-1_6_1-2 - FaultyLine 250;JACCARD;4;1;19157;00 min, 19 sec
DUA;1.0;jsoup-1_6_1-2 - FaultyLine 250;ZOLTAR;4;1;19157;00 min, 19 sec
DUA;1.0;jsoup-1_6_1-2 - FaultyLine 250;MINUS;4;1;19157;00 min, 19 sec
LINE;0.6029106029106029;jsoup-1_6_1-2 - FaultyLine 250;DRT;71;67;11965;00 min, 11 sec
LINE;0.10179731971185751;jsoup-1_6_1-2 - FaultyLine 250;OCHIAI;71;67;11965;00 min, 11 sec
LINE;0.6701208981001727;jsoup-1_6_1-2 - FaultyLine 250;KULCZYNSKI2;71;67;11965;00 min, 11 sec
LINE;0.6020833333333334;jsoup-1_6_1-2 - FaultyLine 250;TARANTULA;71;67;11965;00 min, 11 sec
LINE;0.010362694300518135;jsoup-1_6_1-2 - FaultyLine 250;JACCARD;71;67;11965;00 min, 11 sec
LINE;0.6284046692607004;jsoup-1_6_1-2 - FaultyLine 250;OP;71;67;11965;00 min, 11 sec
LINE;0.010362694300518135;jsoup-1_6_1-2 - FaultyLine 250;ZOLTAR;71;67;11965;00 min, 11 sec
LINE;0.6701208981001727;jsoup-1_6_1-2 - FaultyLine 250;MCCON;71;67;11965;00 min, 11 sec
LINE;0.782048774126239;jsoup-1_6_1-2 - FaultyLine 250;MINUS;71;67;11965;00 min, 11 sec
LINE;0.3428381962864722;jsoup-1_6_1-2 - FaultyLine 250;WONG3;3215;3211;11965;00 min, 11 sec
DUA;0.5163398692810458;jsoup-1_6_1-2 - FaultyLine 907;OP;1744;1711;19157;00 min, 19 sec
DUA;0.16506101477199736;jsoup-1_6_1-2 - FaultyLine 907;WONG3;1744;1711;19157;00 min, 19 sec
DUA;0.2971935122751295;jsoup-1_6_1-2 - FaultyLine 907;MINUS;1744;1711;19157;00 min, 19 sec
DUA;0.0;jsoup-1_6_1-2 - FaultyLine 907;TARANTULA;2343;244;19157;00 min, 19 sec
DUA;0.0;jsoup-1_6_1-2 - FaultyLine 907;KULCZYNSKI2;2343;244;19157;00 min, 19 sec
DUA;0.0;jsoup-1_6_1-2 - FaultyLine 907;DRT;2343;244;19157;00 min, 19 sec
DUA;0.0;jsoup-1_6_1-2 - FaultyLine 907;OCHIAI;2343;244;19157;00 min, 19 sec
DUA;0.0;jsoup-1_6_1-2 - FaultyLine 907;MCCON;2343;244;19157;00 min, 19 sec
DUA;0.0;jsoup-1_6_1-2 - FaultyLine 907;JACCARD;2343;244;19157;00 min, 19 sec
DUA;0.0;jsoup-1_6_1-2 - FaultyLine 907;ZOLTAR;2343;244;19157;00 min, 19 sec
LINE;0.1379310344827586;jsoup-1_6_1-2 - FaultyLine 907;WONG3;4720;4650;11965;00 min, 11 sec
LINE;0.4241245136186771;jsoup-1_6_1-2 - FaultyLine 907;OP;4720;4650;11965;00 min, 11 sec
LINE;0.17358218166589526;jsoup-1_6_1-2 - FaultyLine 907;MINUS;4720;4650;11965;00 min, 11 sec
LINE;0.0;jsoup-1_6_1-2 - FaultyLine 907;DRT;6195;469;11965;00 min, 11 sec
LINE;0.0;jsoup-1_6_1-2 - FaultyLine 907;OCHIAI;6195;469;11965;00 min, 11 sec
LINE;0.0;jsoup-1_6_1-2 - FaultyLine 907;KULCZYNSKI2;6195;469;11965;00 min, 11 sec
LINE;0.0;jsoup-1_6_1-2 - FaultyLine 907;TARANTULA;6195;469;11965;00 min, 11 sec
LINE;0.0;jsoup-1_6_1-2 - FaultyLine 907;JACCARD;6195;469;11965;00 min, 11 sec
LINE;0.0;jsoup-1_6_1-2 - FaultyLine 907;ZOLTAR;6195;469;11965;00 min, 11 sec
LINE;0.0;jsoup-1_6_1-2 - FaultyLine 907;MCCON;6195;469;11965;00 min, 11 sec
DUA;1.0;jsoup-1_6_1-3;ZOLTAR;5;1;20296;00 min, 20 sec
DUA;1.0;jsoup-1_6_1-3;TARANTULA;5;1;20296;00 min, 20 sec
DUA;1.0;jsoup-1_6_1-3;KULCZYNSKI2;5;1;20296;00 min, 20 sec
DUA;1.0;jsoup-1_6_1-3;JACCARD;5;1;20296;00 min, 20 sec
DUA;1.0;jsoup-1_6_1-3;DRT;5;1;20296;00 min, 20 sec
DUA;1.0;jsoup-1_6_1-3;OP;5;1;20296;00 min, 20 sec
DUA;1.0;jsoup-1_6_1-3;MCCON;5;1;20296;00 min, 20 sec
DUA;1.0;jsoup-1_6_1-3;OCHIAI;5;1;20296;00 min, 20 sec
DUA;1.0;jsoup-1_6_1-3;MINUS;5;1;20296;00 min, 20 sec
DUA;1.0;jsoup-1_6_1-3;WONG3;5;1;20296;00 min, 20 sec
LINE;0.625;jsoup-1_6_1-3;MCCON;10;4;12215;00 min, 12 sec
LINE;0.25;jsoup-1_6_1-3;ZOLTAR;10;4;12215;00 min, 12 sec
LINE;0.5;jsoup-1_6_1-3;OCHIAI;10;4;12215;00 min, 12 sec
LINE;0.625;jsoup-1_6_1-3;KULCZYNSKI2;10;4;12215;00 min, 12 sec
LINE;0.9896551724137932;jsoup-1_6_1-3;DRT;10;4;12215;00 min, 12 sec
LINE;0.9943924609753113;jsoup-1_6_1-3;MINUS;10;4;12215;00 min, 12 sec
LINE;0.994263862332696;jsoup-1_6_1-3;OP;10;4;12215;00 min, 12 sec
LINE;0.9896193771626298;jsoup-1_6_1-3;TARANTULA;10;4;12215;00 min, 12 sec
LINE;0.25;jsoup-1_6_1-3;JACCARD;10;4;12215;00 min, 12 sec
LINE;0.47839046199701935;jsoup-1_6_1-3;WONG3;3153;3147;12215;00 min, 12 sec
DUA;0.0045662100456621;jsoup-1_6_1-5;JACCARD;411;407;20389;00 min, 20 sec
DUA;0.5007280489701288;jsoup-1_6_1-5;KULCZYNSKI2;411;407;20389;00 min, 20 sec
DUA;0.5007280489701288;jsoup-1_6_1-5;MCCON;411;407;20389;00 min, 20 sec
DUA;0.5595959595959595;jsoup-1_6_1-5;DRT;411;407;20389;00 min, 20 sec
DUA;0.7505116516305907;jsoup-1_6_1-5;MINUS;411;407;20389;00 min, 20 sec
DUA;0.06757373783994859;jsoup-1_6_1-5;OCHIAI;411;407;20389;00 min, 20 sec
DUA;0.004567454586029779;jsoup-1_6_1-5;ZOLTAR;411;407;20389;00 min, 20 sec
DUA;0.5361702127659574;jsoup-1_6_1-5;OP;411;407;20389;00 min, 20 sec
DUA;0.5587044534412956;jsoup-1_6_1-5;TARANTULA;411;407;20389;00 min, 20 sec
DUA;0.24479035902585983;jsoup-1_6_1-5;WONG3;1332;1329;20389;00 min, 20 sec
LINE;0.502283105022831;jsoup-1_6_1-5;KULCZYNSKI2;569;559;12355;00 min, 12 sec
LINE;0.5595959595959595;jsoup-1_6_1-5;DRT;569;559;12355;00 min, 12 sec
LINE;0.0045662100456621;jsoup-1_6_1-5;JACCARD;569;559;12355;00 min, 12 sec
LINE;0.0045662100456621;jsoup-1_6_1-5;ZOLTAR;569;559;12355;00 min, 12 sec
LINE;0.5587044534412956;jsoup-1_6_1-5;TARANTULA;569;559;12355;00 min, 12 sec
LINE;0.06757373783994859;jsoup-1_6_1-5;OCHIAI;569;559;12355;00 min, 12 sec
LINE;0.7375555119584797;jsoup-1_6_1-5;MINUS;569;559;12355;00 min, 12 sec
LINE;0.4858490566037736;jsoup-1_6_1-5;OP;569;559;12355;00 min, 12 sec
LINE;0.502283105022831;jsoup-1_6_1-5;MCCON;569;559;12355;00 min, 12 sec
LINE;0.23596647193294384;jsoup-1_6_1-5;WONG3;4017;4007;12355;00 min, 12 sec
DUA;0.0;jsoup-1_6_1-6;ZOLTAR;2341;7;20155;00 min, 20 sec
DUA;0.0;jsoup-1_6_1-6;OP;2341;2342;20155;00 min, 20 sec
DUA;0.0;jsoup-1_6_1-6;JACCARD;2341;7;20155;00 min, 20 sec
DUA;0.0;jsoup-1_6_1-6;WONG3;2341;2342;20155;00 min, 20 sec
DUA;0.0;jsoup-1_6_1-6;OCHIAI;2341;7;20155;00 min, 20 sec
DUA;0.0;jsoup-1_6_1-6;TARANTULA;2341;7;20155;00 min, 20 sec
DUA;0.0;jsoup-1_6_1-6;MCCON;2341;7;20155;00 min, 20 sec
DUA;0.0;jsoup-1_6_1-6;MINUS;2341;2342;20155;00 min, 20 sec
DUA;0.0;jsoup-1_6_1-6;KULCZYNSKI2;2341;7;20155;00 min, 20 sec
DUA;0.0;jsoup-1_6_1-6;DRT;2341;7;20155;00 min, 20 sec
LINE;1.0;jsoup-1_6_1-6;KULCZYNSKI2;3;1;11622;00 min, 11 sec
LINE;1.0;jsoup-1_6_1-6;MINUS;3;1;11622;00 min, 11 sec
LINE;1.0;jsoup-1_6_1-6;ZOLTAR;3;1;11622;00 min, 11 sec
LINE;1.0;jsoup-1_6_1-6;WONG3;3;1;11622;00 min, 11 sec
LINE;1.0;jsoup-1_6_1-6;TARANTULA;3;1;11622;00 min, 11 sec
LINE;1.0;jsoup-1_6_1-6;DRT;3;1;11622;00 min, 11 sec
LINE;1.0;jsoup-1_6_1-6;OP;3;1;11622;00 min, 11 sec
LINE;1.0;jsoup-1_6_1-6;JACCARD;3;1;11622;00 min, 11 sec
LINE;1.0;jsoup-1_6_1-6;OCHIAI;3;1;11622;00 min, 11 sec
LINE;1.0;jsoup-1_6_1-6;MCCON;3;1;11622;00 min, 11 sec
DUA;1.0;jsoup-1_6_3-1;DRT;8;1;22105;00 min, 22 sec
DUA;1.0;jsoup-1_6_3-1;OCHIAI;8;1;22105;00 min, 22 sec
DUA;1.0;jsoup-1_6_3-1;WONG3;8;1;22105;00 min, 22 sec
DUA;1.0;jsoup-1_6_3-1;JACCARD;8;1;22105;00 min, 22 sec
DUA;1.0;jsoup-1_6_3-1;MINUS;8;1;22105;00 min, 22 sec
DUA;1.0;jsoup-1_6_3-1;ZOLTAR;8;1;22105;00 min, 22 sec
DUA;1.0;jsoup-1_6_3-1;TARANTULA;8;1;22105;00 min, 22 sec
DUA;1.0;jsoup-1_6_3-1;OP;8;1;22105;00 min, 22 sec
DUA;0.9972602739726028;jsoup-1_6_3-1;MCCON;9;2;22105;00 min, 22 sec
DUA;0.9972602739726028;jsoup-1_6_3-1;KULCZYNSKI2;9;2;22105;00 min, 22 sec
LINE;0.9938837920489296;jsoup-1_6_3-1;TARANTULA;3;3;12121;00 min, 12 sec
LINE;0.996603036350021;jsoup-1_6_3-1;MINUS;3;3;12121;00 min, 12 sec
LINE;0.9964912280701754;jsoup-1_6_3-1;OP;3;3;12121;00 min, 12 sec
LINE;0.5773502691896258;jsoup-1_6_3-1;OCHIAI;3;3;12121;00 min, 12 sec
LINE;0.6666666666666666;jsoup-1_6_3-1;KULCZYNSKI2;3;3;12121;00 min, 12 sec
LINE;0.6666666666666666;jsoup-1_6_3-1;MCCON;3;3;12121;00 min, 12 sec
LINE;0.3333333333333333;jsoup-1_6_3-1;ZOLTAR;3;3;12121;00 min, 12 sec
LINE;0.3333333333333333;jsoup-1_6_3-1;JACCARD;3;3;12121;00 min, 12 sec
LINE;0.9939024390243902;jsoup-1_6_3-1;DRT;3;3;12121;00 min, 12 sec
LINE;0.504214179474467;jsoup-1_6_3-1;WONG3;1036;3;12121;00 min, 12 sec
DUA;1.0;jsoup-1_6_3-2;TARANTULA;5;1;22776;00 min, 22 sec
DUA;1.0;jsoup-1_6_3-2;JACCARD;5;1;22776;00 min, 22 sec
DUA;1.0;jsoup-1_6_3-2;MCCON;5;1;22776;00 min, 22 sec
DUA;1.0;jsoup-1_6_3-2;WONG3;5;1;22776;00 min, 22 sec
DUA;1.0;jsoup-1_6_3-2;OP;5;1;22776;00 min, 22 sec
DUA;1.0;jsoup-1_6_3-2;DRT;5;1;22776;00 min, 22 sec
DUA;1.0;jsoup-1_6_3-2;OCHIAI;5;1;22776;00 min, 22 sec
DUA;1.0;jsoup-1_6_3-2;KULCZYNSKI2;5;1;22776;00 min, 22 sec
DUA;1.0;jsoup-1_6_3-2;MINUS;5;1;22776;00 min, 22 sec
DUA;1.0;jsoup-1_6_3-2;ZOLTAR;5;1;22776;00 min, 22 sec
LINE;1.0;jsoup-1_6_3-2;TARANTULA;5;1;13011;00 min, 13 sec
LINE;1.0;jsoup-1_6_3-2;KULCZYNSKI2;5;1;13011;00 min, 13 sec
LINE;1.0;jsoup-1_6_3-2;DRT;5;1;13011;00 min, 13 sec
LINE;1.0;jsoup-1_6_3-2;MINUS;5;1;13011;00 min, 13 sec
LINE;1.0;jsoup-1_6_3-2;MCCON;5;1;13011;00 min, 13 sec
LINE;1.0;jsoup-1_6_3-2;JACCARD;5;1;13011;00 min, 13 sec
LINE;1.0;jsoup-1_6_3-2;OCHIAI;5;1;13011;00 min, 13 sec
LINE;1.0;jsoup-1_6_3-2;ZOLTAR;5;1;13011;00 min, 13 sec
LINE;1.0;jsoup-1_6_3-2;OP;5;1;13011;00 min, 13 sec
LINE;1.0;jsoup-1_6_3-2;WONG3;5;1;13011;00 min, 13 sec
DUA;0.9731343283582091;jsoup-1_6_3-3;DRT;22;17;22027;00 min, 22 sec
DUA;0.2500025004931528;jsoup-1_6_3-3;ZOLTAR;22;17;22027;00 min, 22 sec
DUA;0.9817073170731706;jsoup-1_6_3-3;OP;22;17;22027;00 min, 22 sec
DUA;0.5;jsoup-1_6_3-3;OCHIAI;22;17;22027;00 min, 22 sec
DUA;0.9730538922155689;jsoup-1_6_3-3;TARANTULA;22;17;22027;00 min, 22 sec
DUA;0.9839870820157437;jsoup-1_6_3-3;MINUS;22;17;22027;00 min, 22 sec
DUA;0.25;jsoup-1_6_3-3;JACCARD;22;17;22027;00 min, 22 sec
DUA;0.5401744719926538;jsoup-1_6_3-3;KULCZYNSKI2;23;18;22027;00 min, 22 sec
DUA;0.5401744719926537;jsoup-1_6_3-3;MCCON;23;18;22027;00 min, 22 sec
DUA;0.591326530612245;jsoup-1_6_3-3;WONG3;823;818;22027;00 min, 22 sec
LINE;0.7875000000000001;jsoup-1_6_3-3;KULCZYNSKI2;36;27;13479;00 min, 13 sec
LINE;0.9704609004825839;jsoup-1_6_3-3;MINUS;36;27;13479;00 min, 13 sec
LINE;0.15000000000000002;jsoup-1_6_3-3;JACCARD;36;27;13479;00 min, 13 sec
LINE;0.9654471544715447;jsoup-1_6_3-3;OP;36;27;13479;00 min, 13 sec
LINE;0.38729833462074165;jsoup-1_6_3-3;OCHIAI;36;27;13479;00 min, 13 sec
LINE;0.7875000000000001;jsoup-1_6_3-3;MCCON;36;27;13479;00 min, 13 sec
LINE;0.9504373177842567;jsoup-1_6_3-3;DRT;36;27;13479;00 min, 13 sec
LINE;0.9502923976608187;jsoup-1_6_3-3;TARANTULA;36;27;13479;00 min, 13 sec
LINE;0.15000000000000002;jsoup-1_6_3-3;ZOLTAR;36;27;13479;00 min, 13 sec
LINE;0.5872448979591838;jsoup-1_6_3-3;WONG3;3207;3198;13479;00 min, 13 sec
DUA;0.9056962025316455;jsoup-1_6_4-1;MCCON;12;12;22854;00 min, 22 sec
DUA;0.0569620253164557;jsoup-1_6_4-1;ZOLTAR;12;12;22854;00 min, 22 sec
DUA;0.0569620253164557;jsoup-1_6_4-1;JACCARD;12;12;22854;00 min, 22 sec
DUA;0.7031872509960161;jsoup-1_6_4-1;DRT;12;12;22854;00 min, 22 sec
DUA;0.9056962025316455;jsoup-1_6_4-1;KULCZYNSKI2;12;12;22854;00 min, 22 sec
DUA;0.7025948103792417;jsoup-1_6_4-1;TARANTULA;12;12;22854;00 min, 22 sec
DUA;0.238667185252719;jsoup-1_6_4-1;OCHIAI;12;12;22854;00 min, 22 sec
DUA;0.7898448519040904;jsoup-1_6_4-1;OP;12;12;22854;00 min, 22 sec
DUA;0.859311317484791;jsoup-1_6_4-1;MINUS;12;12;22854;00 min, 22 sec
DUA;0.5619796484736357;jsoup-1_6_4-1;WONG3;857;857;22854;00 min, 22 sec
LINE;0.8428571428571429;jsoup-1_6_4-1;MINUS;17;10;12293;00 min, 12 sec
LINE;0.0658682634730539;jsoup-1_6_4-1;JACCARD;17;10;12293;00 min, 12 sec
LINE;0.9221556886227545;jsoup-1_6_4-1;KULCZYNSKI2;17;10;12293;00 min, 12 sec
LINE;0.25664813163756695;jsoup-1_6_4-1;OCHIAI;17;10;12293;00 min, 12 sec
LINE;0.0658682634730539;jsoup-1_6_4-1;ZOLTAR;17;10;12293;00 min, 12 sec
LINE;0.6947162426614482;jsoup-1_6_4-1;DRT;17;10;12293;00 min, 12 sec
LINE;0.9221556886227545;jsoup-1_6_4-1;MCCON;17;10;12293;00 min, 12 sec
LINE;0.6941176470588236;jsoup-1_6_4-1;TARANTULA;17;10;12293;00 min, 12 sec
LINE;0.7596302003081664;jsoup-1_6_4-1;OP;17;10;12293;00 min, 12 sec
LINE;0.5456273764258555;jsoup-1_6_4-1;WONG3;1062;1055;12293;00 min, 12 sec
DUA;1.0;jsoup-1_6_4-2;OP;4;1;22261;00 min, 22 sec
DUA;1.0;jsoup-1_6_4-2;KULCZYNSKI2;4;1;22261;00 min, 22 sec
DUA;1.0;jsoup-1_6_4-2;OCHIAI;4;1;22261;00 min, 22 sec
DUA;1.0;jsoup-1_6_4-2;WONG3;4;1;22261;00 min, 22 sec
DUA;1.0;jsoup-1_6_4-2;ZOLTAR;4;1;22261;00 min, 22 sec
DUA;1.0;jsoup-1_6_4-2;MCCON;4;1;22261;00 min, 22 sec
DUA;1.0;jsoup-1_6_4-2;DRT;4;1;22261;00 min, 22 sec
DUA;1.0;jsoup-1_6_4-2;TARANTULA;4;1;22261;00 min, 22 sec
DUA;1.0;jsoup-1_6_4-2;JACCARD;4;1;22261;00 min, 22 sec
DUA;1.0;jsoup-1_6_4-2;MINUS;4;1;22261;00 min, 22 sec
LINE;1.0;jsoup-1_6_4-2;OCHIAI;4;1;11045;00 min, 11 sec
LINE;1.0;jsoup-1_6_4-2;ZOLTAR;4;1;11045;00 min, 11 sec
LINE;1.0;jsoup-1_6_4-2;OP;4;1;11045;00 min, 11 sec
LINE;1.0;jsoup-1_6_4-2;DRT;4;1;11045;00 min, 11 sec
LINE;1.0;jsoup-1_6_4-2;MCCON;4;1;11045;00 min, 11 sec
LINE;1.0;jsoup-1_6_4-2;WONG3;4;1;11045;00 min, 11 sec
LINE;1.0;jsoup-1_6_4-2;KULCZYNSKI2;4;1;11045;00 min, 11 sec
LINE;1.0;jsoup-1_6_4-2;JACCARD;4;1;11045;00 min, 11 sec
LINE;1.0;jsoup-1_6_4-2;MINUS;4;1;11045;00 min, 11 sec
LINE;1.0;jsoup-1_6_4-2;TARANTULA;4;1;11045;00 min, 11 sec
DUA;1.0;jsoup-1_7_2-1;WONG3;18;1;25038;00 min, 25 sec
DUA;1.0;jsoup-1_7_2-1;JACCARD;18;1;25038;00 min, 25 sec
DUA;1.0;jsoup-1_7_2-1;MINUS;18;1;25038;00 min, 25 sec
DUA;1.0;jsoup-1_7_2-1;TARANTULA;18;1;25038;00 min, 25 sec
DUA;1.0;jsoup-1_7_2-1;ZOLTAR;18;1;25038;00 min, 25 sec
DUA;1.0;jsoup-1_7_2-1;OCHIAI;18;1;25038;00 min, 25 sec
DUA;1.0;jsoup-1_7_2-1;OP;18;1;25038;00 min, 25 sec
DUA;1.0;jsoup-1_7_2-1;DRT;18;1;25038;00 min, 25 sec
DUA;0.7481481481481481;jsoup-1_7_2-1;MCCON;19;2;25038;00 min, 25 sec
DUA;0.7481481481481481;jsoup-1_7_2-1;KULCZYNSKI2;19;2;25038;00 min, 25 sec
LINE;0.0070921985815602835;jsoup-1_7_2-1;JACCARD;569;560;12293;00 min, 12 sec
LINE;0.5053003533568904;jsoup-1_7_2-1;OP;569;560;12293;00 min, 12 sec
LINE;0.6690307328605201;jsoup-1_7_2-1;KULCZYNSKI2;569;560;12293;00 min, 12 sec
LINE;0.56656346749226;jsoup-1_7_2-1;DRT;569;560;12293;00 min, 12 sec
LINE;0.7437249323554234;jsoup-1_7_2-1;MINUS;569;560;12293;00 min, 12 sec
LINE;0.6690307328605201;jsoup-1_7_2-1;MCCON;569;560;12293;00 min, 12 sec
LINE;0.5658914728682171;jsoup-1_7_2-1;TARANTULA;569;560;12293;00 min, 12 sec
LINE;0.0842151921066519;jsoup-1_7_2-1;OCHIAI;569;560;12293;00 min, 12 sec
LINE;0.0070921985815602835;jsoup-1_7_2-1;ZOLTAR;569;560;12293;00 min, 12 sec
LINE;0.30782085561497335;jsoup-1_7_2-1;WONG3;1971;1962;12293;00 min, 12 sec
DUA;0.0;jsoup-1_7_2-2;MINUS;2564;2565;24009;00 min, 24 sec
DUA;0.0;jsoup-1_7_2-2;OP;2564;2565;24009;00 min, 24 sec
DUA;0.0;jsoup-1_7_2-2;ZOLTAR;2564;326;24009;00 min, 24 sec
DUA;0.0;jsoup-1_7_2-2;MCCON;2564;326;24009;00 min, 24 sec
DUA;0.0;jsoup-1_7_2-2;JACCARD;2564;326;24009;00 min, 24 sec
DUA;0.0;jsoup-1_7_2-2;KULCZYNSKI2;2564;326;24009;00 min, 24 sec
DUA;0.0;jsoup-1_7_2-2;TARANTULA;2564;326;24009;00 min, 24 sec
DUA;0.0;jsoup-1_7_2-2;OCHIAI;2564;326;24009;00 min, 24 sec
DUA;0.0;jsoup-1_7_2-2;DRT;2564;326;24009;00 min, 24 sec
DUA;0.0;jsoup-1_7_2-2;WONG3;2564;2565;24009;00 min, 24 sec
LINE;0.3333333333333333;jsoup-1_7_2-2;ZOLTAR;21;8;12355;00 min, 12 sec
LINE;0.5773502691896258;jsoup-1_7_2-2;OCHIAI;21;8;12355;00 min, 12 sec
LINE;0.3333333333333333;jsoup-1_7_2-2;JACCARD;21;8;12355;00 min, 12 sec
LINE;0.993517017828201;jsoup-1_7_2-2;OP;21;8;12355;00 min, 12 sec
LINE;0.9891008174386922;jsoup-1_7_2-2;TARANTULA;21;8;12355;00 min, 12 sec
LINE;0.9891304347826085;jsoup-1_7_2-2;DRT;21;8;12355;00 min, 12 sec
LINE;0.7777777777777778;jsoup-1_7_2-2;KULCZYNSKI2;21;8;12355;00 min, 12 sec
LINE;0.7777777777777778;jsoup-1_7_2-2;MCCON;21;8;12355;00 min, 12 sec
LINE;0.9938561098302243;jsoup-1_7_2-2;MINUS;21;8;12355;00 min, 12 sec
LINE;0.5730706075533663;jsoup-1_7_2-2;WONG3;1062;1049;12355;00 min, 12 sec
DUA;0.3244428422615251;jsoup-1_7_3-1;OCHIAI;30;24;27019;00 min, 27 sec
DUA;0.10526480750688026;jsoup-1_7_3-1;ZOLTAR;30;24;27019;00 min, 27 sec
DUA;0.9762237762237762;jsoup-1_7_3-1;OP;30;24;27019;00 min, 27 sec
DUA;0.977660222894497;jsoup-1_7_3-1;MINUS;30;24;27019;00 min, 27 sec
DUA;0.958937198067633;jsoup-1_7_3-1;DRT;30;24;27019;00 min, 27 sec
DUA;0.10526315789473684;jsoup-1_7_3-1;JACCARD;30;24;27019;00 min, 27 sec
DUA;0.9588377723970943;jsoup-1_7_3-1;TARANTULA;30;24;27019;00 min, 27 sec
DUA;0.5251114055160785;jsoup-1_7_3-1;KULCZYNSKI2;31;25;27019;00 min, 27 sec
DUA;0.5251114055160785;jsoup-1_7_3-1;MCCON;31;25;27019;00 min, 27 sec
DUA;0.4186495176848875;jsoup-1_7_3-1;WONG3;892;887;27019;00 min, 27 sec
LINE;0.977660222894497;jsoup-1_7_3-1;MINUS;16;13;13915;00 min, 13 sec
LINE;0.10526315789473684;jsoup-1_7_3-1;JACCARD;16;13;13915;00 min, 13 sec
LINE;0.9762237762237762;jsoup-1_7_3-1;OP;16;13;13915;00 min, 13 sec
LINE;0.7017543859649122;jsoup-1_7_3-1;MCCON;16;13;13915;00 min, 13 sec
LINE;0.7017543859649122;jsoup-1_7_3-1;KULCZYNSKI2;16;13;13915;00 min, 13 sec
LINE;0.9588377723970943;jsoup-1_7_3-1;TARANTULA;16;13;13915;00 min, 13 sec
LINE;0.958937198067633;jsoup-1_7_3-1;DRT;16;13;13915;00 min, 13 sec
LINE;0.3244428422615251;jsoup-1_7_3-1;OCHIAI;16;13;13915;00 min, 13 sec
LINE;0.10526315789473684;jsoup-1_7_3-1;ZOLTAR;16;13;13915;00 min, 13 sec
LINE;0.4186495176848875;jsoup-1_7_3-1;WONG3;1063;1060;13915;00 min, 13 sec
DUA;1.0;jsoup-1_7_3-2;DRT;43;1;26255;00 min, 26 sec
DUA;1.0;jsoup-1_7_3-2;WONG3;43;1;26255;00 min, 26 sec
DUA;1.0;jsoup-1_7_3-2;JACCARD;43;1;26255;00 min, 26 sec
DUA;1.0;jsoup-1_7_3-2;ZOLTAR;43;1;26255;00 min, 26 sec
DUA;1.0;jsoup-1_7_3-2;OCHIAI;43;1;26255;00 min, 26 sec
DUA;1.0;jsoup-1_7_3-2;OP;43;1;26255;00 min, 26 sec
DUA;1.0;jsoup-1_7_3-2;MINUS;43;1;26255;00 min, 26 sec
DUA;1.0;jsoup-1_7_3-2;TARANTULA;43;1;26255;00 min, 26 sec
DUA;0.7482915717539863;jsoup-1_7_3-2;MCCON;44;2;26255;00 min, 26 sec
DUA;0.7482915717539863;jsoup-1_7_3-2;KULCZYNSKI2;44;2;26255;00 min, 26 sec
LINE;1.0;jsoup-1_7_3-2;TARANTULA;34;1;13260;00 min, 13 sec
LINE;1.0;jsoup-1_7_3-2;JACCARD;34;1;13260;00 min, 13 sec
LINE;1.0;jsoup-1_7_3-2;WONG3;34;1;13260;00 min, 13 sec
LINE;1.0;jsoup-1_7_3-2;MINUS;34;1;13260;00 min, 13 sec
LINE;1.0;jsoup-1_7_3-2;MCCON;34;1;13260;00 min, 13 sec
LINE;1.0;jsoup-1_7_3-2;OP;34;1;13260;00 min, 13 sec
LINE;1.0;jsoup-1_7_3-2;ZOLTAR;34;1;13260;00 min, 13 sec
LINE;1.0;jsoup-1_7_3-2;DRT;34;1;13260;00 min, 13 sec
LINE;1.0;jsoup-1_7_3-2;OCHIAI;34;1;13260;00 min, 13 sec
LINE;1.0;jsoup-1_7_3-2;KULCZYNSKI2;34;1;13260;00 min, 13 sec
DUA;0.6900185988840669;jsoup-1_7_3-3;WONG3;863;5;26192;00 min, 26 sec
DUA;0.344938532918499;jsoup-1_7_3-3;MINUS;898;43;26192;00 min, 26 sec
DUA;0.5052264808362369;jsoup-1_7_3-3;OP;898;43;26192;00 min, 26 sec
DUA;0.0;jsoup-1_7_3-3;MCCON;2694;43;26192;00 min, 26 sec
DUA;0.0;jsoup-1_7_3-3;OCHIAI;2694;43;26192;00 min, 26 sec
DUA;0.0;jsoup-1_7_3-3;KULCZYNSKI2;2694;43;26192;00 min, 26 sec
DUA;0.0;jsoup-1_7_3-3;TARANTULA;2694;43;26192;00 min, 26 sec
DUA;0.0;jsoup-1_7_3-3;DRT;2694;43;26192;00 min, 26 sec
DUA;0.0;jsoup-1_7_3-3;ZOLTAR;2694;43;26192;00 min, 26 sec
DUA;0.0;jsoup-1_7_3-3;JACCARD;2694;43;26192;00 min, 26 sec
LINE;0.9982142857142856;jsoup-1_7_3-3;OP;7;4;13463;00 min, 13 sec
LINE;0.9950859950859949;jsoup-1_7_3-3;DRT;7;4;13463;00 min, 13 sec
LINE;0.9669421487603306;jsoup-1_7_3-3;KULCZYNSKI2;7;4;13463;00 min, 13 sec
LINE;0.9669421487603306;jsoup-1_7_3-3;MCCON;7;4;13463;00 min, 13 sec
LINE;0.8181818181818182;jsoup-1_7_3-3;ZOLTAR;7;4;13463;00 min, 13 sec
LINE;0.9973704563031709;jsoup-1_7_3-3;MINUS;7;4;13463;00 min, 13 sec
LINE;0.5454545454545455;jsoup-1_7_3-3;JACCARD;9;6;13463;00 min, 13 sec
LINE;0.982716049382716;jsoup-1_7_3-3;TARANTULA;9;6;13463;00 min, 13 sec
LINE;0.775856548190842;jsoup-1_7_3-3;WONG3;9;6;13463;00 min, 13 sec
LINE;0.8528028654224417;jsoup-1_7_3-3;OCHIAI;9;6;13463;00 min, 13 sec
DUA;0.9957805907172996;jsoup-1_7_4-1;OP;5;3;27862;00 min, 27 sec
DUA;0.9959560542309491;jsoup-1_7_4-1;MINUS;5;3;27862;00 min, 27 sec
DUA;0.40000108618861396;jsoup-1_7_4-1;ZOLTAR;5;3;27862;00 min, 27 sec
DUA;0.4;jsoup-1_7_4-1;JACCARD;5;3;27862;00 min, 27 sec
DUA;0.9927536231884058;jsoup-1_7_4-1;TARANTULA;5;3;27862;00 min, 27 sec
DUA;0.9927710843373495;jsoup-1_7_4-1;DRT;5;3;27862;00 min, 27 sec
DUA;0.6324555320336759;jsoup-1_7_4-1;OCHIAI;5;3;27862;00 min, 27 sec
DUA;0.5986516853932583;jsoup-1_7_4-1;MCCON;6;4;27862;00 min, 27 sec
DUA;0.5986516853932583;jsoup-1_7_4-1;KULCZYNSKI2;6;4;27862;00 min, 27 sec
DUA;0.6117761242316402;jsoup-1_7_4-1;WONG3;811;809;27862;00 min, 27 sec
LINE;0.7999999999999999;jsoup-1_7_4-1;KULCZYNSKI2;8;8;14227;00 min, 14 sec
LINE;0.6324555320336759;jsoup-1_7_4-1;OCHIAI;8;8;14227;00 min, 14 sec
LINE;0.4;jsoup-1_7_4-1;ZOLTAR;8;8;14227;00 min, 14 sec
LINE;0.4;jsoup-1_7_4-1;JACCARD;8;8;14227;00 min, 14 sec
LINE;0.7999999999999999;jsoup-1_7_4-1;MCCON;8;8;14227;00 min, 14 sec
LINE;0.9927536231884058;jsoup-1_7_4-1;TARANTULA;8;8;14227;00 min, 14 sec
LINE;0.9927710843373495;jsoup-1_7_4-1;DRT;8;8;14227;00 min, 14 sec
LINE;0.9960372625153796;jsoup-1_7_4-1;MINUS;8;8;14227;00 min, 14 sec
LINE;0.9959128065395095;jsoup-1_7_4-1;OP;8;8;14227;00 min, 14 sec
LINE;0.6146435452793834;jsoup-1_7_4-1;WONG3;1054;1054;14227;00 min, 14 sec
DUA;1.0;jsoup-1_7_4-2;TARANTULA;12;1;27487;00 min, 27 sec
DUA;1.0;jsoup-1_7_4-2;KULCZYNSKI2;12;1;27487;00 min, 27 sec
DUA;1.0;jsoup-1_7_4-2;DRT;12;1;27487;00 min, 27 sec
DUA;1.0;jsoup-1_7_4-2;MINUS;12;1;27487;00 min, 27 sec
DUA;1.0;jsoup-1_7_4-2;MCCON;12;1;27487;00 min, 27 sec
DUA;1.0;jsoup-1_7_4-2;JACCARD;12;1;27487;00 min, 27 sec
DUA;1.0;jsoup-1_7_4-2;ZOLTAR;12;1;27487;00 min, 27 sec
DUA;1.0;jsoup-1_7_4-2;OCHIAI;12;1;27487;00 min, 27 sec
DUA;1.0;jsoup-1_7_4-2;OP;12;1;27487;00 min, 27 sec
DUA;1.0;jsoup-1_7_4-2;WONG3;817;1;27487;00 min, 27 sec
LINE;0.9716981132075471;jsoup-1_7_4-2;DRT;27;22;13041;00 min, 13 sec
LINE;0.8;jsoup-1_7_4-2;MCCON;27;22;13041;00 min, 13 sec
LINE;0.9839303348595027;jsoup-1_7_4-2;MINUS;27;22;13041;00 min, 13 sec
LINE;0.8;jsoup-1_7_4-2;KULCZYNSKI2;27;22;13041;00 min, 13 sec
LINE;0.9716312056737587;jsoup-1_7_4-2;TARANTULA;27;22;13041;00 min, 13 sec
LINE;0.9825834542815675;jsoup-1_7_4-2;OP;27;22;13041;00 min, 13 sec
LINE;0.2;jsoup-1_7_4-2;JACCARD;27;22;13041;00 min, 13 sec
LINE;0.2;jsoup-1_7_4-2;ZOLTAR;27;22;13041;00 min, 13 sec
LINE;0.4472135954999578;jsoup-1_7_4-2;OCHIAI;27;22;13041;00 min, 13 sec
LINE;0.6117817479478513;jsoup-1_7_4-2;WONG3;1081;1076;13041;00 min, 13 sec
DUA;1.0;jsoup-1_7_4-3;ZOLTAR;10;1;26614;00 min, 26 sec
DUA;1.0;jsoup-1_7_4-3;MCCON;10;1;26614;00 min, 26 sec
DUA;1.0;jsoup-1_7_4-3;KULCZYNSKI2;10;1;26614;00 min, 26 sec
DUA;1.0;jsoup-1_7_4-3;TARANTULA;10;1;26614;00 min, 26 sec
DUA;1.0;jsoup-1_7_4-3;DRT;10;1;26614;00 min, 26 sec
DUA;1.0;jsoup-1_7_4-3;OCHIAI;10;1;26614;00 min, 26 sec
DUA;1.0;jsoup-1_7_4-3;MINUS;10;1;26614;00 min, 26 sec
DUA;1.0;jsoup-1_7_4-3;OP;10;1;26614;00 min, 26 sec
DUA;1.0;jsoup-1_7_4-3;JACCARD;10;1;26614;00 min, 26 sec
DUA;1.0;jsoup-1_7_4-3;WONG3;10;1;26614;00 min, 26 sec
LINE;1.0;jsoup-1_7_4-3;MCCON;7;1;13969;00 min, 13 sec
LINE;1.0;jsoup-1_7_4-3;ZOLTAR;7;1;13969;00 min, 13 sec
LINE;1.0;jsoup-1_7_4-3;OCHIAI;7;1;13969;00 min, 13 sec
LINE;1.0;jsoup-1_7_4-3;JACCARD;7;1;13969;00 min, 13 sec
LINE;1.0;jsoup-1_7_4-3;MINUS;7;1;13969;00 min, 13 sec
LINE;1.0;jsoup-1_7_4-3;OP;7;1;13969;00 min, 13 sec
LINE;1.0;jsoup-1_7_4-3;DRT;7;1;13969;00 min, 13 sec
LINE;1.0;jsoup-1_7_4-3;KULCZYNSKI2;7;1;13969;00 min, 13 sec
LINE;1.0;jsoup-1_7_4-3;TARANTULA;7;1;13969;00 min, 13 sec
LINE;1.0;jsoup-1_7_4-3;WONG3;7;1;13969;00 min, 13 sec
DUA;0.0;jsoup-1_7_4-4;DRT;2704;326;34507;00 min, 34 sec
DUA;0.0;jsoup-1_7_4-4;MCCON;2704;326;34507;00 min, 34 sec
DUA;0.0;jsoup-1_7_4-4;JACCARD;2704;326;34507;00 min, 34 sec
DUA;0.0;jsoup-1_7_4-4;MINUS;2704;2704;34507;00 min, 34 sec
DUA;0.0;jsoup-1_7_4-4;ZOLTAR;2704;2705;34507;00 min, 34 sec
DUA;0.0;jsoup-1_7_4-4;TARANTULA;2704;326;34507;00 min, 34 sec
DUA;0.0;jsoup-1_7_4-4;WONG3;2704;2704;34507;00 min, 34 sec
DUA;0.0;jsoup-1_7_4-4;OCHIAI;2704;326;34507;00 min, 34 sec
DUA;0.0;jsoup-1_7_4-4;KULCZYNSKI2;2704;326;34507;00 min, 34 sec
DUA;0.0;jsoup-1_7_4-4;OP;2704;2704;34507;00 min, 34 sec
LINE;0.7593283582089552;jsoup-1_7_4-4;TARANTULA;23;19;12901;00 min, 12 sec
LINE;0.7597765363128491;jsoup-1_7_4-4;DRT;23;19;12901;00 min, 12 sec
LINE;0.7949125596184419;jsoup-1_7_4-4;OP;23;19;12901;00 min, 12 sec
LINE;0.806015037593985;jsoup-1_7_4-4;KULCZYNSKI2;23;19;12901;00 min, 12 sec
LINE;0.8584714333192338;jsoup-1_7_4-4;MINUS;23;19;12901;00 min, 12 sec
LINE;0.173421993904824;jsoup-1_7_4-4;OCHIAI;23;19;12901;00 min, 12 sec
LINE;0.806015037593985;jsoup-1_7_4-4;MCCON;23;19;12901;00 min, 12 sec
LINE;0.03007518796992481;jsoup-1_7_4-4;JACCARD;23;19;12901;00 min, 12 sec
LINE;0.03007518796992481;jsoup-1_7_4-4;ZOLTAR;23;19;12901;00 min, 12 sec
LINE;0.5428854734754587;jsoup-1_7_4-4;WONG3;1056;1052;12901;00 min, 12 sec
DUA;0.9931818181818182;jsoup-1_8_2-2;WONG3;20;16;32539;00 min, 32 sec
DUA;0.9810856697104573;jsoup-1_8_2-2;MINUS;20;16;32539;00 min, 32 sec
DUA;0.9285714285714286;jsoup-1_8_2-2;KULCZYNSKI2;20;16;32539;00 min, 32 sec
DUA;0.968553459119497;jsoup-1_8_2-2;DRT;20;16;32539;00 min, 32 sec
DUA;0.9863636363636364;jsoup-1_8_2-2;OP;20;16;32539;00 min, 32 sec
DUA;0.9285714285714286;jsoup-1_8_2-2;MCCON;20;16;32539;00 min, 32 sec
DUA;0.46428571428571425;jsoup-1_8_2-2;ZOLTAR;20;16;32539;00 min, 32 sec
DUA;0.6546536707079771;jsoup-1_8_2-2;OCHIAI;25;21;32539;00 min, 32 sec
DUA;0.9536842105263158;jsoup-1_8_2-2;TARANTULA;30;26;32539;00 min, 32 sec
DUA;0.2857142857142857;jsoup-1_8_2-2;JACCARD;30;26;32539;00 min, 32 sec
LINE;0.968553459119497;jsoup-1_8_2-2;DRT;13;8;15272;00 min, 15 sec
LINE;0.9285714285714286;jsoup-1_8_2-2;KULCZYNSKI2;13;8;15272;00 min, 15 sec
LINE;0.46428571428571425;jsoup-1_8_2-2;ZOLTAR;13;8;15272;00 min, 15 sec
LINE;0.9931818181818182;jsoup-1_8_2-2;WONG3;13;8;15272;00 min, 15 sec
LINE;0.9810856697104573;jsoup-1_8_2-2;MINUS;13;8;15272;00 min, 15 sec
LINE;0.9863636363636364;jsoup-1_8_2-2;OP;13;8;15272;00 min, 15 sec
LINE;0.9285714285714286;jsoup-1_8_2-2;MCCON;13;8;15272;00 min, 15 sec
LINE;0.6546536707079771;jsoup-1_8_2-2;OCHIAI;19;14;15272;00 min, 15 sec
LINE;0.2857142857142857;jsoup-1_8_2-2;JACCARD;25;20;15272;00 min, 15 sec
LINE;0.9536842105263158;jsoup-1_8_2-2;TARANTULA;25;20;15272;00 min, 15 sec
DUA;1.0;jsoup-1_8_3-1;MINUS;6;1;31418;00 min, 31 sec
DUA;1.0;jsoup-1_8_3-1;TARANTULA;6;1;31418;00 min, 31 sec
DUA;1.0;jsoup-1_8_3-1;JACCARD;6;1;31418;00 min, 31 sec
DUA;1.0;jsoup-1_8_3-1;DRT;6;1;31418;00 min, 31 sec
DUA;1.0;jsoup-1_8_3-1;WONG3;6;1;31418;00 min, 31 sec
DUA;1.0;jsoup-1_8_3-1;OCHIAI;6;1;31418;00 min, 31 sec
DUA;1.0;jsoup-1_8_3-1;ZOLTAR;6;1;31418;00 min, 31 sec
DUA;1.0;jsoup-1_8_3-1;OP;6;1;31418;00 min, 31 sec
DUA;0.9979550102249489;jsoup-1_8_3-1;KULCZYNSKI2;7;2;31418;00 min, 31 sec
DUA;0.9979550102249489;jsoup-1_8_3-1;MCCON;7;2;31418;00 min, 31 sec
LINE;1.0;jsoup-1_8_3-1;KULCZYNSKI2;3;1;15148;00 min, 15 sec
LINE;1.0;jsoup-1_8_3-1;TARANTULA;3;1;15148;00 min, 15 sec
LINE;1.0;jsoup-1_8_3-1;MCCON;3;1;15148;00 min, 15 sec
LINE;1.0;jsoup-1_8_3-1;OP;3;1;15148;00 min, 15 sec
LINE;1.0;jsoup-1_8_3-1;MINUS;3;1;15148;00 min, 15 sec
LINE;1.0;jsoup-1_8_3-1;JACCARD;3;1;15148;00 min, 15 sec
LINE;1.0;jsoup-1_8_3-1;ZOLTAR;3;1;15148;00 min, 15 sec
LINE;1.0;jsoup-1_8_3-1;WONG3;3;1;15148;00 min, 15 sec
LINE;1.0;jsoup-1_8_3-1;OCHIAI;3;1;15148;00 min, 15 sec
LINE;1.0;jsoup-1_8_3-1;DRT;3;1;15148;00 min, 15 sec
DUA;1.0;jsoup-1_8_3-2;JACCARD;6;1;31995;00 min, 31 sec
DUA;1.0;jsoup-1_8_3-2;TARANTULA;6;1;31995;00 min, 31 sec
DUA;1.0;jsoup-1_8_3-2;ZOLTAR;6;1;31995;00 min, 31 sec
DUA;1.0;jsoup-1_8_3-2;WONG3;6;1;31995;00 min, 31 sec
DUA;1.0;jsoup-1_8_3-2;OCHIAI;6;1;31995;00 min, 31 sec
DUA;0.7469512195121951;jsoup-1_8_3-2;KULCZYNSKI2;7;2;31995;00 min, 31 sec
DUA;0.7469512195121951;jsoup-1_8_3-2;MCCON;7;2;31995;00 min, 31 sec
DUA;0.8583261522003982;jsoup-1_8_3-2;MINUS;122;120;31995;00 min, 31 sec
DUA;0.5124190064794816;jsoup-1_8_3-2;DRT;344;342;31995;00 min, 31 sec
DUA;0.44852941176470584;jsoup-1_8_3-2;OP;344;342;31995;00 min, 31 sec
LINE;1.0;jsoup-1_8_3-2;JACCARD;3;1;14103;00 min, 14 sec
LINE;1.0;jsoup-1_8_3-2;WONG3;3;1;14103;00 min, 14 sec
LINE;1.0;jsoup-1_8_3-2;KULCZYNSKI2;3;1;14103;00 min, 14 sec
LINE;1.0;jsoup-1_8_3-2;MCCON;3;1;14103;00 min, 14 sec
LINE;1.0;jsoup-1_8_3-2;OCHIAI;3;1;14103;00 min, 14 sec
LINE;1.0;jsoup-1_8_3-2;TARANTULA;3;1;14103;00 min, 14 sec
LINE;1.0;jsoup-1_8_3-2;ZOLTAR;3;1;14103;00 min, 14 sec
LINE;0.8118453672141308;jsoup-1_8_3-2;MINUS;198;196;14103;00 min, 14 sec
LINE;0.5075593952483801;jsoup-1_8_3-2;DRT;698;696;14103;00 min, 14 sec
LINE;0.6166807076663858;jsoup-1_8_3-2;OP;698;696;14103;00 min, 14 sec
DUA;0.6666666666666666;jsoup-1_8_3-2 - FaultyLine 122;JACCARD;10;7;31995;00 min, 31 sec
DUA;0.9956803455723543;jsoup-1_8_3-2 - FaultyLine 122;TARANTULA;10;7;31995;00 min, 31 sec
DUA;0.7071067811865476;jsoup-1_8_3-2 - FaultyLine 122;OCHIAI;10;7;31995;00 min, 31 sec
DUA;0.7536945812807881;jsoup-1_8_3-2 - FaultyLine 122;WONG3;11;8;31995;00 min, 31 sec
DUA;0.8553255285072319;jsoup-1_8_3-2 - FaultyLine 122;MINUS;126;123;31995;00 min, 31 sec
DUA;0.4979674796747967;jsoup-1_8_3-2 - FaultyLine 122;KULCZYNSKI2;348;345;31995;00 min, 31 sec
DUA;0.5113146551724138;jsoup-1_8_3-2 - FaultyLine 122;DRT;348;345;31995;00 min, 31 sec
DUA;0.4479166666666667;jsoup-1_8_3-2 - FaultyLine 122;OP;348;345;31995;00 min, 31 sec
DUA;0.4979674796747967;jsoup-1_8_3-2 - FaultyLine 122;MCCON;348;345;31995;00 min, 31 sec
DUA;2,03E+12;jsoup-1_8_3-2 - FaultyLine 122;ZOLTAR;348;345;31995;00 min, 31 sec
LINE;0.2;jsoup-1_8_3-2 - FaultyLine 122;JACCARD;39;38;14103;00 min, 14 sec
LINE;0.3333333333333334;jsoup-1_8_3-2 - FaultyLine 122;OCHIAI;39;38;14103;00 min, 14 sec
LINE;0.9664570230607966;jsoup-1_8_3-2 - FaultyLine 122;TARANTULA;39;38;14103;00 min, 14 sec
LINE;0.789716350163756;jsoup-1_8_3-2 - FaultyLine 122;MINUS;264;263;14103;00 min, 14 sec
LINE;0.49893842887473455;jsoup-1_8_3-2 - FaultyLine 122;DRT;732;731;14103;00 min, 14 sec
LINE;0.6099410278011794;jsoup-1_8_3-2 - FaultyLine 122;OP;732;731;14103;00 min, 14 sec
LINE;0.40740740740740744;jsoup-1_8_3-2 - FaultyLine 122;KULCZYNSKI2;732;731;14103;00 min, 14 sec
LINE;0.40740740740740744;jsoup-1_8_3-2 - FaultyLine 122;MCCON;732;731;14103;00 min, 14 sec
LINE;2,50E+11;jsoup-1_8_3-2 - FaultyLine 122;ZOLTAR;732;731;14103;00 min, 14 sec
LINE;0.35960591133004915;jsoup-1_8_3-2 - FaultyLine 122;WONG3;1865;1864;14103;00 min, 14 sec
DUA;0.506578947368421;jsoup-1_8_3-3;KULCZYNSKI2;189;184;41761;00 min, 41 sec
DUA;0.013157894736842105;jsoup-1_8_3-3;JACCARD;189;184;41761;00 min, 41 sec
DUA;0.11470786693528087;jsoup-1_8_3-3;OCHIAI;189;184;41761;00 min, 41 sec
DUA;0.013157894736842105;jsoup-1_8_3-3;ZOLTAR;189;184;41761;00 min, 41 sec
DUA;0.506578947368421;jsoup-1_8_3-3;MCCON;189;184;41761;00 min, 41 sec
DUA;0.8587570621468926;jsoup-1_8_3-3;TARANTULA;189;184;41761;00 min, 41 sec
DUA;0.9317806218532609;jsoup-1_8_3-3;MINUS;189;184;41761;00 min, 41 sec
DUA;0.9204665959703076;jsoup-1_8_3-3;OP;189;184;41761;00 min, 41 sec
DUA;0.8590225563909775;jsoup-1_8_3-3;DRT;189;184;41761;00 min, 41 sec
DUA;0.3299812909260992;jsoup-1_8_3-3;WONG3;1081;1077;41761;00 min, 41 sec
LINE;0.5064935064935064;jsoup-1_8_3-3;KULCZYNSKI2;214;207;15272;00 min, 15 sec
LINE;0.11396057645963795;jsoup-1_8_3-3;OCHIAI;214;207;15272;00 min, 15 sec
LINE;0.9074299634591961;jsoup-1_8_3-3;OP;214;207;15272;00 min, 15 sec
LINE;0.8574108818011258;jsoup-1_8_3-3;DRT;214;207;15272;00 min, 15 sec
LINE;0.012987012987012988;jsoup-1_8_3-3;ZOLTAR;214;207;15272;00 min, 15 sec
LINE;0.9220261809903243;jsoup-1_8_3-3;MINUS;214;207;15272;00 min, 15 sec
LINE;0.5064935064935064;jsoup-1_8_3-3;MCCON;214;207;15272;00 min, 15 sec
LINE;0.012987012987012988;jsoup-1_8_3-3;JACCARD;214;207;15272;00 min, 15 sec
LINE;0.8571428571428571;jsoup-1_8_3-3;TARANTULA;214;207;15272;00 min, 15 sec
LINE;0.31006259027443434;jsoup-1_8_3-3;WONG3;1351;1344;15272;00 min, 15 sec
DUA;1.0;jsoup-1_8_4-1;OP;3;1;37627;00 min, 37 sec
DUA;1.0;jsoup-1_8_4-1;MCCON;3;1;37627;00 min, 37 sec
DUA;1.0;jsoup-1_8_4-1;ZOLTAR;3;1;37627;00 min, 37 sec
DUA;1.0;jsoup-1_8_4-1;DRT;3;1;37627;00 min, 37 sec
DUA;1.0;jsoup-1_8_4-1;JACCARD;3;1;37627;00 min, 37 sec
DUA;1.0;jsoup-1_8_4-1;OCHIAI;3;1;37627;00 min, 37 sec
DUA;1.0;jsoup-1_8_4-1;MINUS;3;1;37627;00 min, 37 sec
DUA;1.0;jsoup-1_8_4-1;WONG3;3;1;37627;00 min, 37 sec
DUA;1.0;jsoup-1_8_4-1;KULCZYNSKI2;3;1;37627;00 min, 37 sec
DUA;1.0;jsoup-1_8_4-1;TARANTULA;3;1;37627;00 min, 37 sec
LINE;0.9802405498281787;jsoup-1_8_4-1;OP;23;21;17410;00 min, 17 sec
LINE;0.17857142857142855;jsoup-1_8_4-1;ZOLTAR;23;21;17410;00 min, 17 sec
LINE;0.7653061224489797;jsoup-1_8_4-1;KULCZYNSKI2;23;21;17410;00 min, 17 sec
LINE;0.9719442153919673;jsoup-1_8_4-1;MINUS;23;21;17410;00 min, 17 sec
LINE;0.4225771273642583;jsoup-1_8_4-1;OCHIAI;23;21;17410;00 min, 17 sec
LINE;0.7653061224489797;jsoup-1_8_4-1;MCCON;23;21;17410;00 min, 17 sec
LINE;0.952965235173824;jsoup-1_8_4-1;DRT;23;21;17410;00 min, 17 sec
LINE;0.7558813501534266;jsoup-1_8_4-1;WONG3;23;21;17410;00 min, 17 sec
LINE;0.17857142857142855;jsoup-1_8_4-1;JACCARD;24;22;17410;00 min, 17 sec
LINE;0.9527720739219715;jsoup-1_8_4-1;TARANTULA;24;22;17410;00 min, 17 sec
DUA;0.9935897435897436;jsoup-1_8_4-2;TARANTULA;26;20;32756;00 min, 32 sec
DUA;0.5;jsoup-1_8_4-2;JACCARD;26;20;32756;00 min, 32 sec
DUA;0.9958563535911603;jsoup-1_8_4-2;OP;26;20;32756;00 min, 32 sec
DUA;0.5000012247322428;jsoup-1_8_4-2;ZOLTAR;26;20;32756;00 min, 32 sec
DUA;0.99622992891372;jsoup-1_8_4-2;MINUS;26;20;32756;00 min, 32 sec
DUA;0.7071067811865476;jsoup-1_8_4-2;OCHIAI;26;20;32756;00 min, 32 sec
DUA;0.9936034115138593;jsoup-1_8_4-2;DRT;26;20;32756;00 min, 32 sec
DUA;0.5821501014198783;jsoup-1_8_4-2;MCCON;27;21;32756;00 min, 32 sec
DUA;0.5821501014198783;jsoup-1_8_4-2;KULCZYNSKI2;27;21;32756;00 min, 32 sec
DUA;0.8538011695906433;jsoup-1_8_4-2;WONG3;940;935;32756;00 min, 32 sec
LINE;0.5;jsoup-1_8_4-2;JACCARD;33;20;15226;00 min, 15 sec
LINE;0.7071067811865476;jsoup-1_8_4-2;OCHIAI;33;20;15226;00 min, 15 sec
LINE;0.5;jsoup-1_8_4-2;ZOLTAR;33;20;15226;00 min, 15 sec
LINE;0.9962346142470365;jsoup-1_8_4-2;MINUS;33;20;15226;00 min, 15 sec
LINE;0.9936034115138593;jsoup-1_8_4-2;DRT;33;20;15226;00 min, 15 sec
LINE;0.9935897435897436;jsoup-1_8_4-2;TARANTULA;33;20;15226;00 min, 15 sec
LINE;0.8750000000000001;jsoup-1_8_4-2;MCCON;33;20;15226;00 min, 15 sec
LINE;0.8750000000000001;jsoup-1_8_4-2;KULCZYNSKI2;33;20;15226;00 min, 15 sec
LINE;0.9958677685950412;jsoup-1_8_4-2;OP;33;20;15226;00 min, 15 sec
LINE;0.8539435248296009;jsoup-1_8_4-2;WONG3;1171;1158;15226;00 min, 15 sec
DUA;1.0;jsoup-1_8_4-3;ZOLTAR;6;1;32167;00 min, 32 sec
DUA;1.0;jsoup-1_8_4-3;OP;6;1;32167;00 min, 32 sec
DUA;1.0;jsoup-1_8_4-3;WONG3;6;1;32167;00 min, 32 sec
DUA;1.0;jsoup-1_8_4-3;KULCZYNSKI2;6;1;32167;00 min, 32 sec
DUA;1.0;jsoup-1_8_4-3;MCCON;6;1;32167;00 min, 32 sec
DUA;1.0;jsoup-1_8_4-3;JACCARD;6;1;32167;00 min, 32 sec
DUA;1.0;jsoup-1_8_4-3;TARANTULA;6;1;32167;00 min, 32 sec
DUA;1.0;jsoup-1_8_4-3;OCHIAI;6;1;32167;00 min, 32 sec
DUA;1.0;jsoup-1_8_4-3;DRT;6;1;32167;00 min, 32 sec
DUA;1.0;jsoup-1_8_4-3;MINUS;6;1;32167;00 min, 32 sec
LINE;1.0;jsoup-1_8_4-3;DRT;2;1;15928;00 min, 15 sec
LINE;1.0;jsoup-1_8_4-3;MCCON;2;1;15928;00 min, 15 sec
LINE;1.0;jsoup-1_8_4-3;OCHIAI;2;1;15928;00 min, 15 sec
LINE;1.0;jsoup-1_8_4-3;ZOLTAR;2;1;15928;00 min, 15 sec
LINE;1.0;jsoup-1_8_4-3;WONG3;2;1;15928;00 min, 15 sec
LINE;1.0;jsoup-1_8_4-3;OP;2;1;15928;00 min, 15 sec
LINE;1.0;jsoup-1_8_4-3;JACCARD;2;1;15928;00 min, 15 sec
LINE;1.0;jsoup-1_8_4-3;MINUS;2;1;15928;00 min, 15 sec
LINE;1.0;jsoup-1_8_4-3;TARANTULA;2;1;15928;00 min, 15 sec
LINE;1.0;jsoup-1_8_4-3;KULCZYNSKI2;2;1;15928;00 min, 15 sec
